source_type,source_name,relationship_type,target_type,target_name
Drug,ACETAMINOPHEN AND CODEINE PHOSPHATE TABLET [REMEDYREPACK INC.],HAS_INGREDIENT,Ingredient,ACETAMINOPHEN AND CODEINE PHOSPHATE
Drug,"ACETAMINOPHEN TABLET [NUCARE PHARMACEUTICALS,INC.]",HAS_INGREDIENT,Ingredient,ACETAMINOPHEN AND CODEINE PHOSPHATE
Drug,"ADMELOG (INSULIN LISPRO) INJECTION, SOLUTION [REMEDYREPACK INC.]",CAUSES,Effect,rash
Drug,"ADMELOG (INSULIN LISPRO) INJECTION, SOLUTION [REMEDYREPACK INC.]",CAUSES,Effect,pruritus
Drug,"ADMELOG (INSULIN LISPRO) INJECTION, SOLUTION [REMEDYREPACK INC.]",HAS_INGREDIENT,Ingredient,ACETAMINOPHEN AND CODEINE PHOSPHATE
Drug,"ADMELOG (INSULIN LISPRO) INJECTION, SOLUTION [REMEDYREPACK INC.]",TREATS,Condition,diabetes
Drug,"ALBUTEROL SULFATE SOLUTION [CARDINAL HEALTH 107, LLC]",HAS_INGREDIENT,Ingredient,ACETAMINOPHEN AND CODEINE PHOSPHATE
Drug,"ALPRAZOLAM TABLET [PD-RX PHARMACEUTICALS, INC.]",CAUSES,Effect,anxiety
Drug,"ALPRAZOLAM TABLET [PD-RX PHARMACEUTICALS, INC.]",HAS_INGREDIENT,Ingredient,ACETAMINOPHEN AND CODEINE PHOSPHATE
Drug,"ALPRAZOLAM TABLET [PD-RX PHARMACEUTICALS, INC.]",TREATS,Condition,anxiety
Drug,"AMLODIPINE BESYLATE TABLET [PD-RX PHARMACEUTICALS, INC.]",CAUSES,Effect,nausea
Drug,"AMLODIPINE BESYLATE TABLET [PD-RX PHARMACEUTICALS, INC.]",CAUSES,Effect,edema
Drug,"AMLODIPINE BESYLATE TABLET [PD-RX PHARMACEUTICALS, INC.]",CAUSES,Effect,fatigue
Drug,"AMLODIPINE BESYLATE TABLET [PD-RX PHARMACEUTICALS, INC.]",HAS_INGREDIENT,Ingredient,ACETAMINOPHEN AND CODEINE PHOSPHATE
Drug,"AMLODIPINE BESYLATE TABLET [PD-RX PHARMACEUTICALS, INC.]",TREATS,Condition,cardiovascular
Drug,"AMLODIPINE BESYLATE TABLET [PD-RX PHARMACEUTICALS, INC.]",TREATS,Condition,hypertension
Drug,"AMOXICILLIN AND CLAVULANATE POTASSIUM TABLET, FILM COATED [REMEDYREPACK INC.]",CAUSES,Effect,nausea
Drug,"AMOXICILLIN AND CLAVULANATE POTASSIUM TABLET, FILM COATED [REMEDYREPACK INC.]",CAUSES,Effect,diarrhea
Drug,"AMOXICILLIN AND CLAVULANATE POTASSIUM TABLET, FILM COATED [REMEDYREPACK INC.]",CAUSES,Effect,vomiting
Drug,"AMOXICILLIN AND CLAVULANATE POTASSIUM TABLET, FILM COATED [REMEDYREPACK INC.]",CAUSES,Effect,skin rash
Drug,"AMOXICILLIN AND CLAVULANATE POTASSIUM TABLET, FILM COATED [REMEDYREPACK INC.]",HAS_INGREDIENT,Ingredient,ACETAMINOPHEN AND CODEINE PHOSPHATE
Drug,"AMOXICILLIN AND CLAVULANATE POTASSIUM TABLET, FILM COATED [REMEDYREPACK INC.]",TREATS,Condition,respiratory
Drug,"AMOXICILLIN AND CLAVULANATE POTASSIUM TABLET, FILM COATED [REMEDYREPACK INC.]",TREATS,Condition,hepatic
Drug,"ASPIRIN 81 MG LOW DOSE (ASPIRIN) TABLET, DELAYED RELEASE [CVS WOONSOCKET PRESCRIPTION CENTER, INCORPORATED]",HAS_INGREDIENT,Ingredient,ACETAMINOPHEN AND CODEINE PHOSPHATE
Drug,"ATORVASTATIN CALCIUM TABLET, FILM COATED [PD-RX PHARMACEUTICALS, INC.]",CAUSES,Effect,diarrhea
Drug,"ATORVASTATIN CALCIUM TABLET, FILM COATED [PD-RX PHARMACEUTICALS, INC.]",CAUSES,Effect,arthralgia
Drug,"ATORVASTATIN CALCIUM TABLET, FILM COATED [PD-RX PHARMACEUTICALS, INC.]",HAS_INGREDIENT,Ingredient,ACETAMINOPHEN AND CODEINE PHOSPHATE
Drug,"ATORVASTATIN CALCIUM TABLET, FILM COATED [PD-RX PHARMACEUTICALS, INC.]",TREATS,Condition,diabetes
Drug,"ATORVASTATIN CALCIUM TABLET, FILM COATED [PD-RX PHARMACEUTICALS, INC.]",TREATS,Condition,heart disease
Drug,"AZELASTINE HYDROCHLORIDE AND FLUTICASONE PROPIONATE SPRAY, METERED [MYLAN PHARMACEUTICALS INC.]",CAUSES,Effect,headache
Drug,"AZITHROMYCIN TABLET, FILM COATED [REMEDYREPACK INC.]",CAUSES,Effect,nausea
Drug,"AZITHROMYCIN TABLET, FILM COATED [REMEDYREPACK INC.]",CAUSES,Effect,diarrhea
Drug,"AZITHROMYCIN TABLET, FILM COATED [REMEDYREPACK INC.]",CAUSES,Effect,vomiting
Drug,"AZITHROMYCIN TABLET, FILM COATED [REMEDYREPACK INC.]",HAS_INGREDIENT,Ingredient,ACETAMINOPHEN AND CODEINE PHOSPHATE
Drug,"AZITHROMYCIN TABLET, FILM COATED [REMEDYREPACK INC.]",TREATS,Condition,hepatic
Drug,"BUPROPION HYDROCHLORIDE XL (BUPROPION HYDROCHLORIDE) TABLET, EXTENDED RELEASE [REMEDYREPACK INC.]",CAUSES,Effect,nausea
Drug,"BUPROPION HYDROCHLORIDE XL (BUPROPION HYDROCHLORIDE) TABLET, EXTENDED RELEASE [REMEDYREPACK INC.]",CAUSES,Effect,rash
Drug,"BUPROPION HYDROCHLORIDE XL (BUPROPION HYDROCHLORIDE) TABLET, EXTENDED RELEASE [REMEDYREPACK INC.]",CAUSES,Effect,dizziness
Drug,"BUPROPION HYDROCHLORIDE XL (BUPROPION HYDROCHLORIDE) TABLET, EXTENDED RELEASE [REMEDYREPACK INC.]",CAUSES,Effect,myalgia
Drug,"BUPROPION HYDROCHLORIDE XL (BUPROPION HYDROCHLORIDE) TABLET, EXTENDED RELEASE [REMEDYREPACK INC.]",CAUSES,Effect,insomnia
Drug,"BUPROPION HYDROCHLORIDE XL (BUPROPION HYDROCHLORIDE) TABLET, EXTENDED RELEASE [REMEDYREPACK INC.]",CAUSES,Effect,anxiety
Drug,"BUPROPION HYDROCHLORIDE XL (BUPROPION HYDROCHLORIDE) TABLET, EXTENDED RELEASE [REMEDYREPACK INC.]",HAS_INGREDIENT,Ingredient,ACETAMINOPHEN AND CODEINE PHOSPHATE
Drug,"BUPROPION HYDROCHLORIDE XL (BUPROPION HYDROCHLORIDE) TABLET, EXTENDED RELEASE [REMEDYREPACK INC.]",TREATS,Condition,depressive
Drug,"BUPROPION HYDROCHLORIDE XL (BUPROPION HYDROCHLORIDE) TABLET, EXTENDED RELEASE [REMEDYREPACK INC.]",TREATS,Condition,seizure
Drug,"CARVEDILOL TABLET, FILM COATED [REMEDYREPACK INC.]",CAUSES,Effect,diarrhea
Drug,"CARVEDILOL TABLET, FILM COATED [REMEDYREPACK INC.]",CAUSES,Effect,dizziness
Drug,"CARVEDILOL TABLET, FILM COATED [REMEDYREPACK INC.]",CAUSES,Effect,fatigue
Drug,"CARVEDILOL TABLET, FILM COATED [REMEDYREPACK INC.]",HAS_INGREDIENT,Ingredient,ACETAMINOPHEN AND CODEINE PHOSPHATE
Drug,"CARVEDILOL TABLET, FILM COATED [REMEDYREPACK INC.]",TREATS,Condition,asthma
Drug,"CARVEDILOL TABLET, FILM COATED [REMEDYREPACK INC.]",TREATS,Condition,hepatic
Drug,"CARVEDILOL TABLET, FILM COATED [REMEDYREPACK INC.]",TREATS,Condition,hypertension
Drug,CELECOXIB CAPSULE [REMEDYREPACK INC.],CAUSES,Effect,rash
Drug,CELECOXIB CAPSULE [REMEDYREPACK INC.],CAUSES,Effect,edema
Drug,CELECOXIB CAPSULE [REMEDYREPACK INC.],CAUSES,Effect,diarrhea
Drug,CELECOXIB CAPSULE [REMEDYREPACK INC.],CAUSES,Effect,dizziness
Drug,CELECOXIB CAPSULE [REMEDYREPACK INC.],HAS_INGREDIENT,Ingredient,ACETAMINOPHEN AND CODEINE PHOSPHATE
Drug,CELECOXIB CAPSULE [REMEDYREPACK INC.],TREATS,Condition,inflammatory
Drug,CELECOXIB CAPSULE [REMEDYREPACK INC.],TREATS,Condition,arthritis
Drug,CELECOXIB CAPSULE [REMEDYREPACK INC.],TREATS,Condition,asthma
Drug,CELECOXIB CAPSULE [REMEDYREPACK INC.],TREATS,Condition,pain
Drug,CEPHALEXIN CAPSULE [REMEDYREPACK INC.],CAUSES,Effect,nausea
Drug,CEPHALEXIN CAPSULE [REMEDYREPACK INC.],CAUSES,Effect,diarrhea
Drug,CEPHALEXIN CAPSULE [REMEDYREPACK INC.],CAUSES,Effect,vomiting
Drug,CEPHALEXIN CAPSULE [REMEDYREPACK INC.],HAS_INGREDIENT,Ingredient,ACETAMINOPHEN AND CODEINE PHOSPHATE
Drug,CEPHALEXIN CAPSULE [REMEDYREPACK INC.],TREATS,Condition,respiratory
Drug,CEPHALEXIN CAPSULE [REMEDYREPACK INC.],TREATS,Condition,infection
Drug,"CIPROFLOXACIN (CIPROFLOXACIN HYDROCHLORIDE) TABLET, FILM COATED [REMEDYREPACK INC.]",CAUSES,Effect,nausea
Drug,"CIPROFLOXACIN (CIPROFLOXACIN HYDROCHLORIDE) TABLET, FILM COATED [REMEDYREPACK INC.]",CAUSES,Effect,rash
Drug,"CIPROFLOXACIN (CIPROFLOXACIN HYDROCHLORIDE) TABLET, FILM COATED [REMEDYREPACK INC.]",CAUSES,Effect,diarrhea
Drug,"CIPROFLOXACIN (CIPROFLOXACIN HYDROCHLORIDE) TABLET, FILM COATED [REMEDYREPACK INC.]",CAUSES,Effect,vomiting
Drug,"CIPROFLOXACIN (CIPROFLOXACIN HYDROCHLORIDE) TABLET, FILM COATED [REMEDYREPACK INC.]",CAUSES,Effect,skin rash
Drug,"CIPROFLOXACIN (CIPROFLOXACIN HYDROCHLORIDE) TABLET, FILM COATED [REMEDYREPACK INC.]",CAUSES,Effect,myalgia
Drug,"CIPROFLOXACIN (CIPROFLOXACIN HYDROCHLORIDE) TABLET, FILM COATED [REMEDYREPACK INC.]",CAUSES,Effect,arthralgia
Drug,"CIPROFLOXACIN (CIPROFLOXACIN HYDROCHLORIDE) TABLET, FILM COATED [REMEDYREPACK INC.]",CAUSES,Effect,insomnia
Drug,"CIPROFLOXACIN (CIPROFLOXACIN HYDROCHLORIDE) TABLET, FILM COATED [REMEDYREPACK INC.]",CAUSES,Effect,anxiety
Drug,"CIPROFLOXACIN (CIPROFLOXACIN HYDROCHLORIDE) TABLET, FILM COATED [REMEDYREPACK INC.]",CAUSES,Effect,depression
Drug,"CIPROFLOXACIN (CIPROFLOXACIN HYDROCHLORIDE) TABLET, FILM COATED [REMEDYREPACK INC.]",HAS_INGREDIENT,Ingredient,ACETAMINOPHEN AND CODEINE PHOSPHATE
Drug,"CIPROFLOXACIN (CIPROFLOXACIN HYDROCHLORIDE) TABLET, FILM COATED [REMEDYREPACK INC.]",TREATS,Condition,respiratory
Drug,"CIPROFLOXACIN (CIPROFLOXACIN HYDROCHLORIDE) TABLET, FILM COATED [REMEDYREPACK INC.]",TREATS,Condition,infectious
Drug,"CITALOPRAM (CITALOPRAM HYDROBROMIDE) TABLET, FILM COATED [REMEDYREPACK INC.]",HAS_INGREDIENT,Ingredient,ACETAMINOPHEN AND CODEINE PHOSPHATE
Drug,"CITALOPRAM (CITALOPRAM HYDROBROMIDE) TABLET, FILM COATED [REMEDYREPACK INC.]",TREATS,Condition,depressive
Drug,"CYCLOBENZAPRINE HYDROCHLORIDE CAPSULE, EXTENDED RELEASE [UPSHER-SMITH LABORATORIES, LLC]",CAUSES,Effect,nausea
Drug,"CYCLOBENZAPRINE HYDROCHLORIDE CAPSULE, EXTENDED RELEASE [UPSHER-SMITH LABORATORIES, LLC]",CAUSES,Effect,dizziness
Drug,"CYCLOBENZAPRINE HYDROCHLORIDE CAPSULE, EXTENDED RELEASE [UPSHER-SMITH LABORATORIES, LLC]",CAUSES,Effect,constipation
Drug,"CYCLOBENZAPRINE HYDROCHLORIDE CAPSULE, EXTENDED RELEASE [UPSHER-SMITH LABORATORIES, LLC]",CAUSES,Effect,fatigue
Drug,"CYCLOBENZAPRINE HYDROCHLORIDE CAPSULE, EXTENDED RELEASE [UPSHER-SMITH LABORATORIES, LLC]",HAS_INGREDIENT,Ingredient,ACETAMINOPHEN AND CODEINE PHOSPHATE
Drug,"CYCLOBENZAPRINE HYDROCHLORIDE CAPSULE, EXTENDED RELEASE [UPSHER-SMITH LABORATORIES, LLC]",TREATS,Condition,pain
Drug,"CYCLOBENZAPRINE HYDROCHLORIDE CAPSULE, EXTENDED RELEASE [UPSHER-SMITH LABORATORIES, LLC]",TREATS,Condition,painful
Drug,DAVIS KETOHEXIDINE (KETOCONAZOLE 1% AND CHLORHEXIDINE GLUCONATE 2%) CLOTH [DAVIS MANUFACTURING AND PACKAGING INC],HAS_INGREDIENT,Ingredient,ACETAMINOPHEN AND CODEINE PHOSPHATE
Drug,"DIAZEPAM TABLET [CARDINAL HEALTH 107, LLC]",CAUSES,Effect,depression
Drug,"DIAZEPAM TABLET [CARDINAL HEALTH 107, LLC]",HAS_INGREDIENT,Ingredient,ACETAMINOPHEN AND CODEINE PHOSPHATE
Drug,"DICLOFENAC SODIUM (DICLOFENAC SODIUM TOPICAL GEL, 1%) GEL [ENCUBE ETHICALS, INC.]",HAS_INGREDIENT,Ingredient,ACETAMINOPHEN AND CODEINE PHOSPHATE
Drug,DIGOXIN TABLET [REMEDYREPACK INC.],HAS_INGREDIENT,Ingredient,ACETAMINOPHEN AND CODEINE PHOSPHATE
Drug,DIGOXIN TABLET [REMEDYREPACK INC.],TREATS,Condition,cardiac
Drug,"DOXYCYCLINE INJECTION, POWDER, LYOPHILIZED, FOR SOLUTION [LUPIN PHARMACEUTICALS, INC.]",HAS_INGREDIENT,Ingredient,ACETAMINOPHEN AND CODEINE PHOSPHATE
Drug,"DULOXETINE CAPSULE, DELAYED RELEASE [BRYANT RANCH PREPACK]",CAUSES,Effect,nausea
Drug,"DULOXETINE CAPSULE, DELAYED RELEASE [BRYANT RANCH PREPACK]",CAUSES,Effect,diarrhea
Drug,"DULOXETINE CAPSULE, DELAYED RELEASE [BRYANT RANCH PREPACK]",CAUSES,Effect,vomiting
Drug,"DULOXETINE CAPSULE, DELAYED RELEASE [BRYANT RANCH PREPACK]",CAUSES,Effect,constipation
Drug,"DULOXETINE CAPSULE, DELAYED RELEASE [BRYANT RANCH PREPACK]",CAUSES,Effect,fatigue
Drug,"DULOXETINE CAPSULE, DELAYED RELEASE [BRYANT RANCH PREPACK]",HAS_INGREDIENT,Ingredient,ACETAMINOPHEN AND CODEINE PHOSPHATE
Drug,"DULOXETINE CAPSULE, DELAYED RELEASE [BRYANT RANCH PREPACK]",TREATS,Condition,pain
Drug,"DULOXETINE CAPSULE, DELAYED RELEASE [BRYANT RANCH PREPACK]",TREATS,Condition,diabetic
Drug,"DULOXETINE CAPSULE, DELAYED RELEASE [BRYANT RANCH PREPACK]",TREATS,Condition,depressive
Drug,"DULOXETINE CAPSULE, DELAYED RELEASE [BRYANT RANCH PREPACK]",TREATS,Condition,anxiety
Drug,"ERYTHROMYCIN CAPSULE, DELAYED RELEASE PELLETS [DR. REDDY'S LABRATORIES INC.]",HAS_INGREDIENT,Ingredient,ACETAMINOPHEN AND CODEINE PHOSPHATE
Drug,"ESCITALOPRAM OXALATE TABLET, FILM COATED [BRYANT RANCH PREPACK]",CAUSES,Effect,nausea
Drug,"ESCITALOPRAM OXALATE TABLET, FILM COATED [BRYANT RANCH PREPACK]",CAUSES,Effect,insomnia
Drug,"ESCITALOPRAM OXALATE TABLET, FILM COATED [BRYANT RANCH PREPACK]",CAUSES,Effect,fatigue
Drug,"ESCITALOPRAM OXALATE TABLET, FILM COATED [BRYANT RANCH PREPACK]",HAS_INGREDIENT,Ingredient,ACETAMINOPHEN AND CODEINE PHOSPHATE
Drug,"ESCITALOPRAM OXALATE TABLET, FILM COATED [BRYANT RANCH PREPACK]",TREATS,Condition,depressive
Drug,"ESCITALOPRAM OXALATE TABLET, FILM COATED [BRYANT RANCH PREPACK]",TREATS,Condition,anxiety
Drug,"FLUOXETINE (FLUOXETINE HYDROCHLORIDE) CAPSULE [CARDINAL HEALTH 107, LLC]",CAUSES,Effect,nausea
Drug,"FLUOXETINE (FLUOXETINE HYDROCHLORIDE) CAPSULE [CARDINAL HEALTH 107, LLC]",CAUSES,Effect,headache
Drug,"FLUOXETINE (FLUOXETINE HYDROCHLORIDE) CAPSULE [CARDINAL HEALTH 107, LLC]",CAUSES,Effect,rash
Drug,"FLUOXETINE (FLUOXETINE HYDROCHLORIDE) CAPSULE [CARDINAL HEALTH 107, LLC]",CAUSES,Effect,diarrhea
Drug,"FLUOXETINE (FLUOXETINE HYDROCHLORIDE) CAPSULE [CARDINAL HEALTH 107, LLC]",CAUSES,Effect,dizziness
Drug,"FLUOXETINE (FLUOXETINE HYDROCHLORIDE) CAPSULE [CARDINAL HEALTH 107, LLC]",CAUSES,Effect,insomnia
Drug,"FLUOXETINE (FLUOXETINE HYDROCHLORIDE) CAPSULE [CARDINAL HEALTH 107, LLC]",CAUSES,Effect,anxiety
Drug,"FLUOXETINE (FLUOXETINE HYDROCHLORIDE) CAPSULE [CARDINAL HEALTH 107, LLC]",CAUSES,Effect,nervousness
Drug,"FLUOXETINE (FLUOXETINE HYDROCHLORIDE) CAPSULE [CARDINAL HEALTH 107, LLC]",CAUSES,Effect,lethargy
Drug,"FLUOXETINE (FLUOXETINE HYDROCHLORIDE) CAPSULE [CARDINAL HEALTH 107, LLC]",HAS_INGREDIENT,Ingredient,ACETAMINOPHEN AND CODEINE PHOSPHATE
Drug,"FLUOXETINE (FLUOXETINE HYDROCHLORIDE) CAPSULE [CARDINAL HEALTH 107, LLC]",TREATS,Condition,depressive
Drug,"FLUOXETINE (FLUOXETINE HYDROCHLORIDE) CAPSULE [CARDINAL HEALTH 107, LLC]",TREATS,Condition,depression
Drug,FUROSEMIDE TABLET [A-S MEDICATION SOLUTIONS],HAS_INGREDIENT,Ingredient,ACETAMINOPHEN AND CODEINE PHOSPHATE
Drug,"GLIPIZIDE TABLET, EXTENDED RELEASE [REMEDYREPACK INC.]",CAUSES,Effect,diarrhea
Drug,"GLIPIZIDE TABLET, EXTENDED RELEASE [REMEDYREPACK INC.]",CAUSES,Effect,dizziness
Drug,"GLIPIZIDE TABLET, EXTENDED RELEASE [REMEDYREPACK INC.]",CAUSES,Effect,nervousness
Drug,"GLIPIZIDE TABLET, EXTENDED RELEASE [REMEDYREPACK INC.]",HAS_INGREDIENT,Ingredient,ACETAMINOPHEN AND CODEINE PHOSPHATE
Drug,"GLIPIZIDE TABLET, EXTENDED RELEASE [REMEDYREPACK INC.]",TREATS,Condition,diabetes
Drug,"GLIPIZIDE TABLET, EXTENDED RELEASE [REMEDYREPACK INC.]",TREATS,Condition,diabetic
Drug,INDOMETHACIN CAPSULE [BRYANT RANCH PREPACK],CAUSES,Effect,nausea
Drug,INDOMETHACIN CAPSULE [BRYANT RANCH PREPACK],CAUSES,Effect,headache
Drug,INDOMETHACIN CAPSULE [BRYANT RANCH PREPACK],CAUSES,Effect,dizziness
Drug,INDOMETHACIN CAPSULE [BRYANT RANCH PREPACK],HAS_INGREDIENT,Ingredient,ACETAMINOPHEN AND CODEINE PHOSPHATE
Drug,INDOMETHACIN CAPSULE [BRYANT RANCH PREPACK],TREATS,Condition,inflammatory
Drug,INDOMETHACIN CAPSULE [BRYANT RANCH PREPACK],TREATS,Condition,arthritis
Drug,INDOMETHACIN CAPSULE [BRYANT RANCH PREPACK],TREATS,Condition,asthma
Drug,INDOMETHACIN CAPSULE [BRYANT RANCH PREPACK],TREATS,Condition,painful
Drug,"LEADER DUAL ACTION PAIN RELIEVER (ACETAMINOPHEN, IBUPROFEN) TABLET, FILM COATED [CARDINAL HEALTH 110, LLC. DBA LEADER]",HAS_INGREDIENT,Ingredient,ACETAMINOPHEN AND CODEINE PHOSPHATE
Drug,"LEVOFLOXACIN TABLET, FILM COATED [PD-RX PHARMACEUTICALS, INC.]",CAUSES,Effect,nausea
Drug,"LEVOFLOXACIN TABLET, FILM COATED [PD-RX PHARMACEUTICALS, INC.]",CAUSES,Effect,headache
Drug,"LEVOFLOXACIN TABLET, FILM COATED [PD-RX PHARMACEUTICALS, INC.]",CAUSES,Effect,rash
Drug,"LEVOFLOXACIN TABLET, FILM COATED [PD-RX PHARMACEUTICALS, INC.]",CAUSES,Effect,diarrhea
Drug,"LEVOFLOXACIN TABLET, FILM COATED [PD-RX PHARMACEUTICALS, INC.]",CAUSES,Effect,dizziness
Drug,"LEVOFLOXACIN TABLET, FILM COATED [PD-RX PHARMACEUTICALS, INC.]",CAUSES,Effect,skin rash
Drug,"LEVOFLOXACIN TABLET, FILM COATED [PD-RX PHARMACEUTICALS, INC.]",CAUSES,Effect,myalgia
Drug,"LEVOFLOXACIN TABLET, FILM COATED [PD-RX PHARMACEUTICALS, INC.]",CAUSES,Effect,arthralgia
Drug,"LEVOFLOXACIN TABLET, FILM COATED [PD-RX PHARMACEUTICALS, INC.]",CAUSES,Effect,insomnia
Drug,"LEVOFLOXACIN TABLET, FILM COATED [PD-RX PHARMACEUTICALS, INC.]",CAUSES,Effect,anxiety
Drug,"LEVOFLOXACIN TABLET, FILM COATED [PD-RX PHARMACEUTICALS, INC.]",CAUSES,Effect,depression
Drug,"LEVOFLOXACIN TABLET, FILM COATED [PD-RX PHARMACEUTICALS, INC.]",CAUSES,Effect,constipation
Drug,"LEVOFLOXACIN TABLET, FILM COATED [PD-RX PHARMACEUTICALS, INC.]",HAS_INGREDIENT,Ingredient,ACETAMINOPHEN AND CODEINE PHOSPHATE
Drug,"LEVOTHYROXINE SODIUM INJECTION [PIRAMAL CRITICAL CARE, INC.]",HAS_INGREDIENT,Ingredient,ACETAMINOPHEN AND CODEINE PHOSPHATE
Drug,"LISINOPRIL TABLET [PD-RX PHARMACEUTICALS, INC.]",CAUSES,Effect,headache
Drug,"LISINOPRIL TABLET [PD-RX PHARMACEUTICALS, INC.]",CAUSES,Effect,dizziness
Drug,"LISINOPRIL TABLET [PD-RX PHARMACEUTICALS, INC.]",HAS_INGREDIENT,Ingredient,ACETAMINOPHEN AND CODEINE PHOSPHATE
Drug,"LISINOPRIL TABLET [PD-RX PHARMACEUTICALS, INC.]",TREATS,Condition,diabetes
Drug,"LISINOPRIL TABLET [PD-RX PHARMACEUTICALS, INC.]",TREATS,Condition,hypertension
Drug,LORAZEPAM TABLET [REMEDYREPACK INC.],HAS_INGREDIENT,Ingredient,ACETAMINOPHEN AND CODEINE PHOSPHATE
Drug,LOSARTAN POTASSIUM AND HYDROCHLOROTHIAZIDE TABLET [A-S MEDICATION SOLUTIONS],CAUSES,Effect,dizziness
Drug,LOSARTAN POTASSIUM AND HYDROCHLOROTHIAZIDE TABLET [A-S MEDICATION SOLUTIONS],HAS_INGREDIENT,Ingredient,ACETAMINOPHEN AND CODEINE PHOSPHATE
Drug,LOSARTAN POTASSIUM AND HYDROCHLOROTHIAZIDE TABLET [A-S MEDICATION SOLUTIONS],TREATS,Condition,diabetes
Drug,LOSARTAN POTASSIUM AND HYDROCHLOROTHIAZIDE TABLET [A-S MEDICATION SOLUTIONS],TREATS,Condition,cardiovascular
Drug,LOSARTAN POTASSIUM AND HYDROCHLOROTHIAZIDE TABLET [A-S MEDICATION SOLUTIONS],TREATS,Condition,hypertension
Drug,MELOXICAM TABLET [REMEDYREPACK INC.],CAUSES,Effect,diarrhea
Drug,MELOXICAM TABLET [REMEDYREPACK INC.],HAS_INGREDIENT,Ingredient,ACETAMINOPHEN AND CODEINE PHOSPHATE
Drug,MELOXICAM TABLET [REMEDYREPACK INC.],TREATS,Condition,inflammatory
Drug,MELOXICAM TABLET [REMEDYREPACK INC.],TREATS,Condition,arthritis
Drug,MELOXICAM TABLET [REMEDYREPACK INC.],TREATS,Condition,asthma
Drug,"METFORMIN HYDROCHLORIDE TABLET, EXTENDED RELEASE METFORMIN HYDROCHLORIDE ER (METFORMIN HYDROCHLORIDE) TABLET, EXTENDED RELEASE [PD-RX PHARMACEUTICALS, INC.]",CAUSES,Effect,nausea
Drug,"METFORMIN HYDROCHLORIDE TABLET, EXTENDED RELEASE METFORMIN HYDROCHLORIDE ER (METFORMIN HYDROCHLORIDE) TABLET, EXTENDED RELEASE [PD-RX PHARMACEUTICALS, INC.]",CAUSES,Effect,headache
Drug,"METFORMIN HYDROCHLORIDE TABLET, EXTENDED RELEASE METFORMIN HYDROCHLORIDE ER (METFORMIN HYDROCHLORIDE) TABLET, EXTENDED RELEASE [PD-RX PHARMACEUTICALS, INC.]",CAUSES,Effect,diarrhea
Drug,"METFORMIN HYDROCHLORIDE TABLET, EXTENDED RELEASE METFORMIN HYDROCHLORIDE ER (METFORMIN HYDROCHLORIDE) TABLET, EXTENDED RELEASE [PD-RX PHARMACEUTICALS, INC.]",CAUSES,Effect,vomiting
Drug,"METFORMIN HYDROCHLORIDE TABLET, EXTENDED RELEASE METFORMIN HYDROCHLORIDE ER (METFORMIN HYDROCHLORIDE) TABLET, EXTENDED RELEASE [PD-RX PHARMACEUTICALS, INC.]",HAS_INGREDIENT,Ingredient,ACETAMINOPHEN AND CODEINE PHOSPHATE
Drug,"METFORMIN HYDROCHLORIDE TABLET, EXTENDED RELEASE METFORMIN HYDROCHLORIDE ER (METFORMIN HYDROCHLORIDE) TABLET, EXTENDED RELEASE [PD-RX PHARMACEUTICALS, INC.]",TREATS,Condition,diabetes
Drug,"METFORMIN HYDROCHLORIDE TABLET, EXTENDED RELEASE METFORMIN HYDROCHLORIDE ER (METFORMIN HYDROCHLORIDE) TABLET, EXTENDED RELEASE [PD-RX PHARMACEUTICALS, INC.]",TREATS,Condition,diabetic
Drug,"METFORMIN HYDROCHLORIDE TABLET, EXTENDED RELEASE METFORMIN HYDROCHLORIDE ER (METFORMIN HYDROCHLORIDE) TABLET, EXTENDED RELEASE [PD-RX PHARMACEUTICALS, INC.]",TREATS,Condition,renal
Drug,"METOPROLOL SUCCINATE TABLET, FILM COATED, EXTENDED RELEASE [BRYANT RANCH PREPACK]",CAUSES,Effect,pruritus
Drug,"METOPROLOL SUCCINATE TABLET, FILM COATED, EXTENDED RELEASE [BRYANT RANCH PREPACK]",CAUSES,Effect,rash
Drug,"METOPROLOL SUCCINATE TABLET, FILM COATED, EXTENDED RELEASE [BRYANT RANCH PREPACK]",CAUSES,Effect,diarrhea
Drug,"METOPROLOL SUCCINATE TABLET, FILM COATED, EXTENDED RELEASE [BRYANT RANCH PREPACK]",CAUSES,Effect,dizziness
Drug,"METOPROLOL SUCCINATE TABLET, FILM COATED, EXTENDED RELEASE [BRYANT RANCH PREPACK]",CAUSES,Effect,depression
Drug,"METOPROLOL SUCCINATE TABLET, FILM COATED, EXTENDED RELEASE [BRYANT RANCH PREPACK]",CAUSES,Effect,tiredness
Drug,"METOPROLOL SUCCINATE TABLET, FILM COATED, EXTENDED RELEASE [BRYANT RANCH PREPACK]",HAS_INGREDIENT,Ingredient,ACETAMINOPHEN AND CODEINE PHOSPHATE
Drug,"METOPROLOL SUCCINATE TABLET, FILM COATED, EXTENDED RELEASE [BRYANT RANCH PREPACK]",TREATS,Condition,cardiovascular
Drug,"METOPROLOL SUCCINATE TABLET, FILM COATED, EXTENDED RELEASE [BRYANT RANCH PREPACK]",TREATS,Condition,hypertension
Drug,"METRONIDAZOLE TABLET, FILM COATED [PD-RX PHARMACEUTICALS, INC.]",HAS_INGREDIENT,Ingredient,ACETAMINOPHEN AND CODEINE PHOSPHATE
Drug,"MIDAZOLAM (MIDAZOLAM HYDROCHLORIDE) INJECTION, SOLUTION [REMEDYREPACK INC.]",HAS_INGREDIENT,Ingredient,ACETAMINOPHEN AND CODEINE PHOSPHATE
Drug,"MONTELUKAST SODIUM TABLET, FILM COATED [REDPHARM DRUG]",CAUSES,Effect,headache
Drug,"MONTELUKAST SODIUM TABLET, FILM COATED [REDPHARM DRUG]",CAUSES,Effect,diarrhea
Drug,"MONTELUKAST SODIUM TABLET, FILM COATED [REDPHARM DRUG]",HAS_INGREDIENT,Ingredient,ACETAMINOPHEN AND CODEINE PHOSPHATE
Drug,"MONTELUKAST SODIUM TABLET, FILM COATED [REDPHARM DRUG]",TREATS,Condition,asthma
Drug,"NAPROXEN TABLET, DELAYED RELEASE [PD-RX PHARMACEUTICALS, INC.]",CAUSES,Effect,nausea
Drug,"NAPROXEN TABLET, DELAYED RELEASE [PD-RX PHARMACEUTICALS, INC.]",CAUSES,Effect,headache
Drug,"NAPROXEN TABLET, DELAYED RELEASE [PD-RX PHARMACEUTICALS, INC.]",CAUSES,Effect,rash
Drug,"NAPROXEN TABLET, DELAYED RELEASE [PD-RX PHARMACEUTICALS, INC.]",CAUSES,Effect,edema
Drug,"NAPROXEN TABLET, DELAYED RELEASE [PD-RX PHARMACEUTICALS, INC.]",HAS_INGREDIENT,Ingredient,ACETAMINOPHEN AND CODEINE PHOSPHATE
Drug,"NAPROXEN TABLET, DELAYED RELEASE [PD-RX PHARMACEUTICALS, INC.]",TREATS,Condition,inflammatory
Drug,"NAPROXEN TABLET, DELAYED RELEASE [PD-RX PHARMACEUTICALS, INC.]",TREATS,Condition,arthritis
Drug,"NAPROXEN TABLET, DELAYED RELEASE [PD-RX PHARMACEUTICALS, INC.]",TREATS,Condition,asthma
Drug,"NEURONTIN (GABAPENTIN) CAPSULE NEURONTIN (GABAPENTIN) TABLET, FILM COATED NEURONTIN (GABAPENTIN) SOLUTION [VIATRIS SPECIALTY LLC]",CAUSES,Effect,nausea
Drug,"NEURONTIN (GABAPENTIN) CAPSULE NEURONTIN (GABAPENTIN) TABLET, FILM COATED NEURONTIN (GABAPENTIN) SOLUTION [VIATRIS SPECIALTY LLC]",CAUSES,Effect,edema
Drug,"NEURONTIN (GABAPENTIN) CAPSULE NEURONTIN (GABAPENTIN) TABLET, FILM COATED NEURONTIN (GABAPENTIN) SOLUTION [VIATRIS SPECIALTY LLC]",CAUSES,Effect,diarrhea
Drug,"NEURONTIN (GABAPENTIN) CAPSULE NEURONTIN (GABAPENTIN) TABLET, FILM COATED NEURONTIN (GABAPENTIN) SOLUTION [VIATRIS SPECIALTY LLC]",CAUSES,Effect,dizziness
Drug,"NEURONTIN (GABAPENTIN) CAPSULE NEURONTIN (GABAPENTIN) TABLET, FILM COATED NEURONTIN (GABAPENTIN) SOLUTION [VIATRIS SPECIALTY LLC]",CAUSES,Effect,vomiting
Drug,"NEURONTIN (GABAPENTIN) CAPSULE NEURONTIN (GABAPENTIN) TABLET, FILM COATED NEURONTIN (GABAPENTIN) SOLUTION [VIATRIS SPECIALTY LLC]",CAUSES,Effect,fatigue
Drug,"NEURONTIN (GABAPENTIN) CAPSULE NEURONTIN (GABAPENTIN) TABLET, FILM COATED NEURONTIN (GABAPENTIN) SOLUTION [VIATRIS SPECIALTY LLC]",HAS_INGREDIENT,Ingredient,ACETAMINOPHEN AND CODEINE PHOSPHATE
Drug,"NEURONTIN (GABAPENTIN) CAPSULE NEURONTIN (GABAPENTIN) TABLET, FILM COATED NEURONTIN (GABAPENTIN) SOLUTION [VIATRIS SPECIALTY LLC]",TREATS,Condition,epilepsy
Drug,"OMEPRAZOLE CAPSULE, DELAYED RELEASE [PD-RX PHARMACEUTICALS, INC.]",CAUSES,Effect,nausea
Drug,"OMEPRAZOLE CAPSULE, DELAYED RELEASE [PD-RX PHARMACEUTICALS, INC.]",CAUSES,Effect,headache
Drug,"OMEPRAZOLE CAPSULE, DELAYED RELEASE [PD-RX PHARMACEUTICALS, INC.]",CAUSES,Effect,diarrhea
Drug,"OMEPRAZOLE CAPSULE, DELAYED RELEASE [PD-RX PHARMACEUTICALS, INC.]",CAUSES,Effect,vomiting
Drug,"OMEPRAZOLE CAPSULE, DELAYED RELEASE [PD-RX PHARMACEUTICALS, INC.]",HAS_INGREDIENT,Ingredient,ACETAMINOPHEN AND CODEINE PHOSPHATE
Drug,"ONDANSETRON TABLET, ORALLY DISINTEGRATING [SPORTPHARM, INC. DBA SPORTPHARM]",CAUSES,Effect,nausea
Drug,"ONDANSETRON TABLET, ORALLY DISINTEGRATING [SPORTPHARM, INC. DBA SPORTPHARM]",CAUSES,Effect,headache
Drug,"ONDANSETRON TABLET, ORALLY DISINTEGRATING [SPORTPHARM, INC. DBA SPORTPHARM]",CAUSES,Effect,diarrhea
Drug,"ONDANSETRON TABLET, ORALLY DISINTEGRATING [SPORTPHARM, INC. DBA SPORTPHARM]",CAUSES,Effect,vomiting
Drug,"ONDANSETRON TABLET, ORALLY DISINTEGRATING [SPORTPHARM, INC. DBA SPORTPHARM]",CAUSES,Effect,constipation
Drug,"ONDANSETRON TABLET, ORALLY DISINTEGRATING [SPORTPHARM, INC. DBA SPORTPHARM]",CAUSES,Effect,fatigue
Drug,"ONDANSETRON TABLET, ORALLY DISINTEGRATING [SPORTPHARM, INC. DBA SPORTPHARM]",HAS_INGREDIENT,Ingredient,ACETAMINOPHEN AND CODEINE PHOSPHATE
Drug,"ONDANSETRON TABLET, ORALLY DISINTEGRATING [SPORTPHARM, INC. DBA SPORTPHARM]",TREATS,Condition,cancer
Drug,"PANTOPRAZOLE SODIUM TABLET, DELAYED RELEASE [PD-RX PHARMACEUTICALS, INC.]",CAUSES,Effect,nausea
Drug,"PANTOPRAZOLE SODIUM TABLET, DELAYED RELEASE [PD-RX PHARMACEUTICALS, INC.]",CAUSES,Effect,headache
Drug,"PANTOPRAZOLE SODIUM TABLET, DELAYED RELEASE [PD-RX PHARMACEUTICALS, INC.]",CAUSES,Effect,rash
Drug,"PANTOPRAZOLE SODIUM TABLET, DELAYED RELEASE [PD-RX PHARMACEUTICALS, INC.]",CAUSES,Effect,diarrhea
Drug,"PANTOPRAZOLE SODIUM TABLET, DELAYED RELEASE [PD-RX PHARMACEUTICALS, INC.]",CAUSES,Effect,dizziness
Drug,"PANTOPRAZOLE SODIUM TABLET, DELAYED RELEASE [PD-RX PHARMACEUTICALS, INC.]",CAUSES,Effect,vomiting
Drug,"PANTOPRAZOLE SODIUM TABLET, DELAYED RELEASE [PD-RX PHARMACEUTICALS, INC.]",CAUSES,Effect,arthralgia
Drug,"PANTOPRAZOLE SODIUM TABLET, DELAYED RELEASE [PD-RX PHARMACEUTICALS, INC.]",HAS_INGREDIENT,Ingredient,ACETAMINOPHEN AND CODEINE PHOSPHATE
Drug,"PREDNISONE TABLETS, USP, 5 MG (PREDNISONE) TABLET [BRYANT RANCH PREPACK]",HAS_INGREDIENT,Ingredient,ACETAMINOPHEN AND CODEINE PHOSPHATE
Drug,"RANITIDINE TABLET, COATED [DR. REDDY'S LABORATORIES LIMITED]",HAS_INGREDIENT,Ingredient,ACETAMINOPHEN AND CODEINE PHOSPHATE
Drug,"RIFAMPIN CAPSULE [LUPIN PHARMACEUTICALS, INC.]",HAS_INGREDIENT,Ingredient,ACETAMINOPHEN AND CODEINE PHOSPHATE
Drug,"ROSUVASTATIN CALCIUM TABLET, FILM COATED [AMERICAN HEALTH PACKAGING]",CAUSES,Effect,nausea
Drug,"ROSUVASTATIN CALCIUM TABLET, FILM COATED [AMERICAN HEALTH PACKAGING]",CAUSES,Effect,headache
Drug,"ROSUVASTATIN CALCIUM TABLET, FILM COATED [AMERICAN HEALTH PACKAGING]",CAUSES,Effect,myalgia
Drug,"ROSUVASTATIN CALCIUM TABLET, FILM COATED [AMERICAN HEALTH PACKAGING]",CAUSES,Effect,constipation
Drug,"ROSUVASTATIN CALCIUM TABLET, FILM COATED [AMERICAN HEALTH PACKAGING]",HAS_INGREDIENT,Ingredient,ACETAMINOPHEN AND CODEINE PHOSPHATE
Drug,"ROSUVASTATIN CALCIUM TABLET, FILM COATED [AMERICAN HEALTH PACKAGING]",TREATS,Condition,heart disease
Drug,"ROSUVASTATIN CALCIUM TABLET, FILM COATED [AMERICAN HEALTH PACKAGING]",TREATS,Condition,cardiovascular
Drug,"SERTRALINE TABLET, FILM COATED [REMEDYREPACK INC.]",CAUSES,Effect,nausea
Drug,"SERTRALINE TABLET, FILM COATED [REMEDYREPACK INC.]",CAUSES,Effect,diarrhea
Drug,"SERTRALINE TABLET, FILM COATED [REMEDYREPACK INC.]",HAS_INGREDIENT,Ingredient,ACETAMINOPHEN AND CODEINE PHOSPHATE
Drug,"SERTRALINE TABLET, FILM COATED [REMEDYREPACK INC.]",TREATS,Condition,depressive
Drug,"SERTRALINE TABLET, FILM COATED [REMEDYREPACK INC.]",TREATS,Condition,anxiety
Drug,"SIMVASTATIN TABLET, FILM COATED [REMEDYREPACK INC.]",CAUSES,Effect,nausea
Drug,"SIMVASTATIN TABLET, FILM COATED [REMEDYREPACK INC.]",CAUSES,Effect,headache
Drug,"SIMVASTATIN TABLET, FILM COATED [REMEDYREPACK INC.]",CAUSES,Effect,constipation
Drug,"SIMVASTATIN TABLET, FILM COATED [REMEDYREPACK INC.]",HAS_INGREDIENT,Ingredient,ACETAMINOPHEN AND CODEINE PHOSPHATE
Drug,"SIMVASTATIN TABLET, FILM COATED [REMEDYREPACK INC.]",TREATS,Condition,hepatic
Drug,"SIMVASTATIN TABLET, FILM COATED [REMEDYREPACK INC.]",TREATS,Condition,liver disease
Drug,TRAMADOL HYDROCHLORIDE TABLET [PREFERRED PHARMACEUTICALS INC.],CAUSES,Effect,nausea
Drug,TRAMADOL HYDROCHLORIDE TABLET [PREFERRED PHARMACEUTICALS INC.],CAUSES,Effect,headache
Drug,TRAMADOL HYDROCHLORIDE TABLET [PREFERRED PHARMACEUTICALS INC.],CAUSES,Effect,dizziness
Drug,TRAMADOL HYDROCHLORIDE TABLET [PREFERRED PHARMACEUTICALS INC.],CAUSES,Effect,vomiting
Drug,TRAMADOL HYDROCHLORIDE TABLET [PREFERRED PHARMACEUTICALS INC.],CAUSES,Effect,constipation
Drug,TRAMADOL HYDROCHLORIDE TABLET [PREFERRED PHARMACEUTICALS INC.],CAUSES,Effect,pruritus
Drug,TRAMADOL HYDROCHLORIDE TABLET [PREFERRED PHARMACEUTICALS INC.],HAS_INGREDIENT,Ingredient,ACETAMINOPHEN AND CODEINE PHOSPHATE
Drug,TRAMADOL HYDROCHLORIDE TABLET [PREFERRED PHARMACEUTICALS INC.],TREATS,Condition,asthma
Drug,TRAMADOL HYDROCHLORIDE TABLET [PREFERRED PHARMACEUTICALS INC.],TREATS,Condition,pain
Drug,TRAMADOL HYDROCHLORIDE TABLET [PREFERRED PHARMACEUTICALS INC.],TREATS,Condition,respiratory
Drug,TRAMADOL HYDROCHLORIDE TABLET [PREFERRED PHARMACEUTICALS INC.],TREATS,Condition,depression
Drug,"VENLAFAXINE HYDROCHLORIDE CAPSULE, EXTENDED RELEASE [PREFERRED PHARMACEUTICALS INC.]",CAUSES,Effect,nausea
Drug,"VENLAFAXINE HYDROCHLORIDE CAPSULE, EXTENDED RELEASE [PREFERRED PHARMACEUTICALS INC.]",CAUSES,Effect,constipation
Drug,"VENLAFAXINE HYDROCHLORIDE CAPSULE, EXTENDED RELEASE [PREFERRED PHARMACEUTICALS INC.]",HAS_INGREDIENT,Ingredient,ACETAMINOPHEN AND CODEINE PHOSPHATE
Drug,"VENLAFAXINE HYDROCHLORIDE CAPSULE, EXTENDED RELEASE [PREFERRED PHARMACEUTICALS INC.]",TREATS,Condition,depressive
Drug,"VENLAFAXINE HYDROCHLORIDE CAPSULE, EXTENDED RELEASE [PREFERRED PHARMACEUTICALS INC.]",TREATS,Condition,anxiety
Drug,WARFARIN SODIUM TABLET [REMEDYREPACK INC.],CAUSES,Effect,hemorrhage
Drug,WARFARIN SODIUM TABLET [REMEDYREPACK INC.],HAS_INGREDIENT,Ingredient,ACETAMINOPHEN AND CODEINE PHOSPHATE
Drug,WARFARIN SODIUM TABLET [REMEDYREPACK INC.],TREATS,Condition,diabetes
Drug,WARFARIN SODIUM TABLET [REMEDYREPACK INC.],TREATS,Condition,hypertension
Drug,WARFARIN SODIUM TABLET [REMEDYREPACK INC.],TREATS,Condition,cardiac
Drug,"ZITUVIMET (SITAGLIPTIN AND METFORMIN HYDROCHLORIDE) TABLET, FILM COATED [ZYDUS LIFESCIENCES LIMITED]",CAUSES,Effect,headache
Drug,"ZITUVIMET (SITAGLIPTIN AND METFORMIN HYDROCHLORIDE) TABLET, FILM COATED [ZYDUS LIFESCIENCES LIMITED]",CAUSES,Effect,diarrhea
Drug,"ZITUVIMET (SITAGLIPTIN AND METFORMIN HYDROCHLORIDE) TABLET, FILM COATED [ZYDUS LIFESCIENCES LIMITED]",HAS_INGREDIENT,Ingredient,ACETAMINOPHEN AND CODEINE PHOSPHATE
Drug,"ZITUVIMET (SITAGLIPTIN AND METFORMIN HYDROCHLORIDE) TABLET, FILM COATED [ZYDUS LIFESCIENCES LIMITED]",TREATS,Condition,diabetes
Drug,"ZITUVIMET (SITAGLIPTIN AND METFORMIN HYDROCHLORIDE) TABLET, FILM COATED [ZYDUS LIFESCIENCES LIMITED]",TREATS,Condition,diabetic
Drug,"ZITUVIMET (SITAGLIPTIN AND METFORMIN HYDROCHLORIDE) TABLET, FILM COATED [ZYDUS LIFESCIENCES LIMITED]",TREATS,Condition,renal
Ingredient,ACETAMINOPHEN AND CODEINE PHOSPHATE,METABOLIZED_BY,Enzyme,cyp2c9
Ingredient,ACETAMINOPHEN AND CODEINE PHOSPHATE,METABOLIZED_BY,Enzyme,cyp2
Ingredient,ACETAMINOPHEN AND CODEINE PHOSPHATE,METABOLIZED_BY,Enzyme,cyp3a4
Ingredient,ACETAMINOPHEN AND CODEINE PHOSPHATE,METABOLIZED_BY,Enzyme,cyp3
Ingredient,ACETAMINOPHEN AND CODEINE PHOSPHATE,METABOLIZED_BY,Enzyme,cyp1a2
Ingredient,ACETAMINOPHEN AND CODEINE PHOSPHATE,METABOLIZED_BY,Enzyme,cyp450
Ingredient,ACETAMINOPHEN AND CODEINE PHOSPHATE,METABOLIZED_BY,Enzyme,cyp1
Ingredient,ACETAMINOPHEN AND CODEINE PHOSPHATE,METABOLIZED_BY,Enzyme,cyp2d6
Ingredient,ACETAMINOPHEN AND CODEINE PHOSPHATE,METABOLIZED_BY,Enzyme,cyp3a
Ingredient,ACETAMINOPHEN AND CODEINE PHOSPHATE,METABOLIZED_BY,Enzyme,cyp3a5
Ingredient,ACETAMINOPHEN AND CODEINE PHOSPHATE,METABOLIZED_BY,Enzyme,cyp2c8
Ingredient,ACETAMINOPHEN AND CODEINE PHOSPHATE,METABOLIZED_BY,Enzyme,cyp2c19
Ingredient,ACETAMINOPHEN AND CODEINE PHOSPHATE,METABOLIZED_BY,Enzyme,cyp2b6
Ingredient,ACETAMINOPHEN AND CODEINE PHOSPHATE,METABOLIZED_BY,Enzyme,cyp2a6
Ingredient,ACETAMINOPHEN AND CODEINE PHOSPHATE,METABOLIZED_BY,Enzyme,cyp2e1
Ingredient,ACETAMINOPHEN AND CODEINE PHOSPHATE,METABOLIZED_BY,Enzyme,mao
